history_id,timestamp,username,action_type,general_concept_id,comment
1,2025-11-03 14:00:00,Boris Delange,insert,1,Initial creation
2,2025-11-03 14:00:00,Boris Delange,insert,2,Initial creation
3,2025-11-03 14:00:00,Boris Delange,insert,3,Initial creation
4,2025-11-03 14:00:00,Boris Delange,insert,4,Initial creation
5,2025-11-03 14:00:00,Boris Delange,insert,5,Initial creation
6,2025-11-03 14:00:00,Boris Delange,insert,6,Initial creation
7,2025-11-03 14:00:00,Boris Delange,insert,7,Initial creation
8,2025-11-03 14:00:00,Boris Delange,insert,8,Initial creation
9,2025-11-03 14:00:00,Boris Delange,insert,9,Initial creation
10,2025-11-03 14:00:00,Boris Delange,insert,10,Initial creation
11,2025-11-03 14:00:00,Boris Delange,insert,11,Initial creation
12,2025-11-03 14:00:00,Boris Delange,insert,12,Initial creation
13,2025-11-03 14:00:00,Boris Delange,insert,13,Initial creation
14,2025-11-03 14:00:00,Boris Delange,insert,14,Initial creation
15,2025-11-03 14:00:00,Boris Delange,insert,15,Initial creation
16,2025-11-03 14:00:00,Boris Delange,insert,16,Initial creation
17,2025-11-03 14:00:00,Boris Delange,insert,17,Initial creation
18,2025-11-03 14:00:00,Boris Delange,insert,18,Initial creation
19,2025-11-03 14:00:00,Boris Delange,insert,19,Initial creation
20,2025-11-03 14:00:00,Boris Delange,insert,20,Initial creation
21,2025-11-03 14:00:00,Boris Delange,insert,21,Initial creation
22,2025-11-03 14:00:00,Boris Delange,insert,22,Initial creation
23,2025-11-03 14:00:00,Boris Delange,insert,23,Initial creation
24,2025-11-03 14:00:00,Boris Delange,insert,24,Initial creation
25,2025-11-03 14:00:00,Boris Delange,insert,25,Initial creation
26,2025-11-03 14:00:00,Boris Delange,insert,337,Initial creation
27,2025-11-03 14:00:00,Boris Delange,insert,26,Initial creation
28,2025-11-03 14:00:00,Boris Delange,insert,27,Initial creation
29,2025-11-03 14:00:00,Boris Delange,insert,28,Initial creation
30,2025-11-03 14:00:00,Boris Delange,insert,29,Initial creation
31,2025-11-03 14:00:00,Boris Delange,insert,30,Initial creation
32,2025-11-03 14:00:00,Boris Delange,insert,31,Initial creation
33,2025-11-03 14:00:00,Boris Delange,insert,32,Initial creation
34,2025-11-03 14:00:00,Boris Delange,insert,33,Initial creation
35,2025-11-03 14:00:00,Boris Delange,insert,34,Initial creation
36,2025-11-03 14:00:00,Boris Delange,insert,35,Initial creation
37,2025-11-03 14:00:00,Boris Delange,insert,36,Initial creation
38,2025-11-03 14:00:00,Boris Delange,insert,37,Initial creation
39,2025-11-03 14:00:00,Boris Delange,insert,38,Initial creation
40,2025-11-03 14:00:00,Boris Delange,insert,39,Initial creation
41,2025-11-03 14:00:00,Boris Delange,insert,40,Initial creation
42,2025-11-03 14:00:00,Boris Delange,insert,41,Initial creation
43,2025-11-03 14:00:00,Boris Delange,insert,42,Initial creation
44,2025-11-03 14:00:00,Boris Delange,insert,43,Initial creation
45,2025-11-03 14:00:00,Boris Delange,insert,44,Initial creation
46,2025-11-03 14:00:00,Boris Delange,insert,45,Initial creation
47,2025-11-03 14:00:00,Boris Delange,insert,46,Initial creation
48,2025-11-03 14:00:00,Boris Delange,insert,47,Initial creation
49,2025-11-03 14:00:00,Boris Delange,insert,48,Initial creation
50,2025-11-03 14:00:00,Boris Delange,insert,49,Initial creation
51,2025-11-03 14:00:00,Boris Delange,insert,50,Initial creation
52,2025-11-03 14:00:00,Boris Delange,insert,51,Initial creation
53,2025-11-03 14:00:00,Boris Delange,insert,52,Initial creation
54,2025-11-03 14:00:00,Boris Delange,insert,53,Initial creation
55,2025-11-03 14:00:00,Boris Delange,insert,54,Initial creation
56,2025-11-03 14:00:00,Boris Delange,insert,55,Initial creation
57,2025-11-03 14:00:00,Boris Delange,insert,56,Initial creation
58,2025-11-03 14:00:00,Boris Delange,insert,57,Initial creation
59,2025-11-03 14:00:00,Boris Delange,insert,58,Initial creation
60,2025-11-03 14:00:00,Boris Delange,insert,59,Initial creation
61,2025-11-03 14:00:00,Boris Delange,insert,60,Initial creation
62,2025-11-03 14:00:00,Boris Delange,insert,61,Initial creation
63,2025-11-03 14:00:00,Boris Delange,insert,62,Initial creation
64,2025-11-03 14:00:00,Boris Delange,insert,63,Initial creation
65,2025-11-03 14:00:00,Boris Delange,insert,64,Initial creation
66,2025-11-03 14:00:00,Boris Delange,insert,66,Initial creation
67,2025-11-03 14:00:00,Boris Delange,insert,67,Initial creation
68,2025-11-03 14:00:00,Boris Delange,insert,69,Initial creation
69,2025-11-03 14:00:00,Boris Delange,insert,70,Initial creation
70,2025-11-03 14:00:00,Boris Delange,insert,71,Initial creation
71,2025-11-03 14:00:00,Boris Delange,insert,72,Initial creation
72,2025-11-03 14:00:00,Boris Delange,insert,73,Initial creation
73,2025-11-03 14:00:00,Boris Delange,insert,74,Initial creation
74,2025-11-03 14:00:00,Boris Delange,insert,75,Initial creation
75,2025-11-03 14:00:00,Boris Delange,insert,76,Initial creation
76,2025-11-03 14:00:00,Boris Delange,insert,77,Initial creation
77,2025-11-03 14:00:00,Boris Delange,insert,78,Initial creation
78,2025-11-03 14:00:00,Boris Delange,insert,79,Initial creation
79,2025-11-03 14:00:00,Boris Delange,insert,80,Initial creation
80,2025-11-03 14:00:00,Boris Delange,insert,81,Initial creation
81,2025-11-03 14:00:00,Boris Delange,insert,82,Initial creation
82,2025-11-03 14:00:00,Boris Delange,insert,83,Initial creation
83,2025-11-03 14:00:00,Boris Delange,insert,84,Initial creation
84,2025-11-03 14:00:00,Boris Delange,insert,85,Initial creation
85,2025-11-03 14:00:00,Boris Delange,insert,86,Initial creation
86,2025-11-03 14:00:00,Boris Delange,insert,87,Initial creation
87,2025-11-03 14:00:00,Boris Delange,insert,88,Initial creation
88,2025-11-03 14:00:00,Boris Delange,insert,89,Initial creation
89,2025-11-03 14:00:00,Boris Delange,insert,90,Initial creation
90,2025-11-03 14:00:00,Boris Delange,insert,91,Initial creation
91,2025-11-03 14:00:00,Boris Delange,insert,92,Initial creation
92,2025-11-03 14:00:00,Boris Delange,insert,93,Initial creation
93,2025-11-03 14:00:00,Boris Delange,insert,94,Initial creation
94,2025-11-03 14:00:00,Boris Delange,insert,95,Initial creation
95,2025-11-03 14:00:00,Boris Delange,insert,96,Initial creation
96,2025-11-03 14:00:00,Boris Delange,insert,97,Initial creation
97,2025-11-03 14:00:00,Boris Delange,insert,98,Initial creation
98,2025-11-03 14:00:00,Boris Delange,insert,99,Initial creation
99,2025-11-03 14:00:00,Boris Delange,insert,101,Initial creation
100,2025-11-03 14:00:00,Boris Delange,insert,102,Initial creation
101,2025-11-03 14:00:00,Boris Delange,insert,335,Initial creation
102,2025-11-03 14:00:00,Boris Delange,insert,103,Initial creation
103,2025-11-03 14:00:00,Boris Delange,insert,105,Initial creation
104,2025-11-03 14:00:00,Boris Delange,insert,106,Initial creation
105,2025-11-03 14:00:00,Boris Delange,insert,107,Initial creation
106,2025-11-03 14:00:00,Boris Delange,insert,108,Initial creation
107,2025-11-03 14:00:00,Boris Delange,insert,109,Initial creation
108,2025-11-03 14:00:00,Boris Delange,insert,110,Initial creation
109,2025-11-03 14:00:00,Boris Delange,insert,111,Initial creation
110,2025-11-03 14:00:00,Boris Delange,insert,112,Initial creation
111,2025-11-03 14:00:00,Boris Delange,insert,113,Initial creation
112,2025-11-03 14:00:00,Boris Delange,insert,114,Initial creation
113,2025-11-03 14:00:00,Boris Delange,insert,115,Initial creation
114,2025-11-03 14:00:00,Boris Delange,insert,116,Initial creation
115,2025-11-03 14:00:00,Boris Delange,insert,117,Initial creation
116,2025-11-03 14:00:00,Boris Delange,insert,118,Initial creation
117,2025-11-03 14:00:00,Boris Delange,insert,119,Initial creation
118,2025-11-03 14:00:00,Boris Delange,insert,120,Initial creation
119,2025-11-03 14:00:00,Boris Delange,insert,121,Initial creation
120,2025-11-03 14:00:00,Boris Delange,insert,122,Initial creation
121,2025-11-03 14:00:00,Boris Delange,insert,123,Initial creation
122,2025-11-03 14:00:00,Boris Delange,insert,124,Initial creation
123,2025-11-03 14:00:00,Boris Delange,insert,125,Initial creation
124,2025-11-03 14:00:00,Boris Delange,insert,126,Initial creation
125,2025-11-03 14:00:00,Boris Delange,insert,127,Initial creation
126,2025-11-03 14:00:00,Boris Delange,insert,128,Initial creation
127,2025-11-03 14:00:00,Boris Delange,insert,129,Initial creation
128,2025-11-03 14:00:00,Boris Delange,insert,130,Initial creation
129,2025-11-03 14:00:00,Boris Delange,insert,131,Initial creation
130,2025-11-03 14:00:00,Boris Delange,insert,132,Initial creation
131,2025-11-03 14:00:00,Boris Delange,insert,133,Initial creation
132,2025-11-03 14:00:00,Boris Delange,insert,134,Initial creation
133,2025-11-03 14:00:00,Boris Delange,insert,135,Initial creation
134,2025-11-03 14:00:00,Boris Delange,insert,136,Initial creation
135,2025-11-03 14:00:00,Boris Delange,insert,137,Initial creation
136,2025-11-03 14:00:00,Boris Delange,insert,138,Initial creation
137,2025-11-03 14:00:00,Boris Delange,insert,139,Initial creation
138,2025-11-03 14:00:00,Boris Delange,insert,140,Initial creation
139,2025-11-03 14:00:00,Boris Delange,insert,141,Initial creation
140,2025-11-03 14:00:00,Boris Delange,insert,142,Initial creation
141,2025-11-03 14:00:00,Boris Delange,insert,143,Initial creation
142,2025-11-03 14:00:00,Boris Delange,insert,144,Initial creation
143,2025-11-03 14:00:00,Boris Delange,insert,145,Initial creation
144,2025-11-03 14:00:00,Boris Delange,insert,146,Initial creation
145,2025-11-03 14:00:00,Boris Delange,insert,147,Initial creation
146,2025-11-03 14:00:00,Boris Delange,insert,148,Initial creation
147,2025-11-03 14:00:00,Boris Delange,insert,149,Initial creation
148,2025-11-03 14:00:00,Boris Delange,insert,150,Initial creation
149,2025-11-03 14:00:00,Boris Delange,insert,151,Initial creation
150,2025-11-03 14:00:00,Boris Delange,insert,152,Initial creation
151,2025-11-03 14:00:00,Boris Delange,insert,153,Initial creation
152,2025-11-03 14:00:00,Boris Delange,insert,154,Initial creation
153,2025-11-03 14:00:00,Boris Delange,insert,155,Initial creation
154,2025-11-03 14:00:00,Boris Delange,insert,156,Initial creation
155,2025-11-03 14:00:00,Boris Delange,insert,157,Initial creation
156,2025-11-03 14:00:00,Boris Delange,insert,158,Initial creation
157,2025-11-03 14:00:00,Boris Delange,insert,159,Initial creation
158,2025-11-03 14:00:00,Boris Delange,insert,160,Initial creation
159,2025-11-03 14:00:00,Boris Delange,insert,161,Initial creation
160,2025-11-03 14:00:00,Boris Delange,insert,162,Initial creation
161,2025-11-03 14:00:00,Boris Delange,insert,163,Initial creation
162,2025-11-03 14:00:00,Boris Delange,insert,164,Initial creation
163,2025-11-03 14:00:00,Boris Delange,insert,165,Initial creation
164,2025-11-03 14:00:00,Boris Delange,insert,166,Initial creation
165,2025-11-03 14:00:00,Boris Delange,insert,167,Initial creation
166,2025-11-03 14:00:00,Boris Delange,insert,168,Initial creation
167,2025-11-03 14:00:00,Boris Delange,insert,169,Initial creation
168,2025-11-03 14:00:00,Boris Delange,insert,170,Initial creation
169,2025-11-03 14:00:00,Boris Delange,insert,171,Initial creation
170,2025-11-03 14:00:00,Boris Delange,insert,172,Initial creation
171,2025-11-03 14:00:00,Boris Delange,insert,173,Initial creation
172,2025-11-03 14:00:00,Boris Delange,insert,174,Initial creation
173,2025-11-03 14:00:00,Boris Delange,insert,175,Initial creation
174,2025-11-03 14:00:00,Boris Delange,insert,176,Initial creation
175,2025-11-03 14:00:00,Boris Delange,insert,177,Initial creation
176,2025-11-03 14:00:00,Boris Delange,insert,178,Initial creation
177,2025-11-03 14:00:00,Boris Delange,insert,179,Initial creation
178,2025-11-03 14:00:00,Boris Delange,insert,180,Initial creation
179,2025-11-03 14:00:00,Boris Delange,insert,181,Initial creation
180,2025-11-03 14:00:00,Boris Delange,insert,182,Initial creation
181,2025-11-03 14:00:00,Boris Delange,insert,183,Initial creation
182,2025-11-03 14:00:00,Boris Delange,insert,184,Initial creation
183,2025-11-03 14:00:00,Boris Delange,insert,185,Initial creation
184,2025-11-03 14:00:00,Boris Delange,insert,186,Initial creation
185,2025-11-03 14:00:00,Boris Delange,insert,187,Initial creation
186,2025-11-03 14:00:00,Boris Delange,insert,188,Initial creation
187,2025-11-03 14:00:00,Boris Delange,insert,189,Initial creation
188,2025-11-03 14:00:00,Boris Delange,insert,190,Initial creation
189,2025-11-03 14:00:00,Boris Delange,insert,191,Initial creation
190,2025-11-03 14:00:00,Boris Delange,insert,192,Initial creation
191,2025-11-03 14:00:00,Boris Delange,insert,193,Initial creation
192,2025-11-03 14:00:00,Boris Delange,insert,194,Initial creation
193,2025-11-03 14:00:00,Boris Delange,insert,195,Initial creation
194,2025-11-03 14:00:00,Boris Delange,insert,196,Initial creation
195,2025-11-03 14:00:00,Boris Delange,insert,197,Initial creation
196,2025-11-03 14:00:00,Boris Delange,insert,198,Initial creation
197,2025-11-03 14:00:00,Boris Delange,insert,199,Initial creation
198,2025-11-03 14:00:00,Boris Delange,insert,200,Initial creation
199,2025-11-03 14:00:00,Boris Delange,insert,201,Initial creation
200,2025-11-03 14:00:00,Boris Delange,insert,202,Initial creation
201,2025-11-03 14:00:00,Boris Delange,insert,203,Initial creation
202,2025-11-03 14:00:00,Boris Delange,insert,204,Initial creation
203,2025-11-03 14:00:00,Boris Delange,insert,205,Initial creation
204,2025-11-03 14:00:00,Boris Delange,insert,206,Initial creation
205,2025-11-03 14:00:00,Boris Delange,insert,207,Initial creation
206,2025-11-03 14:00:00,Boris Delange,insert,208,Initial creation
207,2025-11-03 14:00:00,Boris Delange,insert,209,Initial creation
208,2025-11-03 14:00:00,Boris Delange,insert,210,Initial creation
209,2025-11-03 14:00:00,Boris Delange,insert,211,Initial creation
210,2025-11-03 14:00:00,Boris Delange,insert,212,Initial creation
211,2025-11-03 14:00:00,Boris Delange,insert,213,Initial creation
212,2025-11-03 14:00:00,Boris Delange,insert,214,Initial creation
213,2025-11-03 14:00:00,Boris Delange,insert,215,Initial creation
214,2025-11-03 14:00:00,Boris Delange,insert,216,Initial creation
215,2025-11-03 14:00:00,Boris Delange,insert,217,Initial creation
216,2025-11-03 14:00:00,Boris Delange,insert,218,Initial creation
217,2025-11-03 14:00:00,Boris Delange,insert,219,Initial creation
218,2025-11-03 14:00:00,Boris Delange,insert,220,Initial creation
219,2025-11-03 14:00:00,Boris Delange,insert,221,Initial creation
220,2025-11-03 14:00:00,Boris Delange,insert,222,Initial creation
221,2025-11-03 14:00:00,Boris Delange,insert,223,Initial creation
222,2025-11-03 14:00:00,Boris Delange,insert,224,Initial creation
223,2025-11-03 14:00:00,Boris Delange,insert,225,Initial creation
224,2025-11-03 14:00:00,Boris Delange,insert,226,Initial creation
225,2025-11-03 14:00:00,Boris Delange,insert,227,Initial creation
226,2025-11-03 14:00:00,Boris Delange,insert,228,Initial creation
227,2025-11-03 14:00:00,Boris Delange,insert,229,Initial creation
228,2025-11-03 14:00:00,Boris Delange,insert,230,Initial creation
229,2025-11-03 14:00:00,Boris Delange,insert,231,Initial creation
230,2025-11-03 14:00:00,Boris Delange,insert,232,Initial creation
231,2025-11-03 14:00:00,Boris Delange,insert,233,Initial creation
232,2025-11-03 14:00:00,Boris Delange,insert,234,Initial creation
233,2025-11-03 14:00:00,Boris Delange,insert,235,Initial creation
234,2025-11-03 14:00:00,Boris Delange,insert,236,Initial creation
235,2025-11-03 14:00:00,Boris Delange,insert,237,Initial creation
236,2025-11-03 14:00:00,Boris Delange,insert,238,Initial creation
237,2025-11-03 14:00:00,Boris Delange,insert,239,Initial creation
238,2025-11-03 14:00:00,Boris Delange,insert,240,Initial creation
239,2025-11-03 14:00:00,Boris Delange,insert,241,Initial creation
240,2025-11-03 14:00:00,Boris Delange,insert,242,Initial creation
241,2025-11-03 14:00:00,Boris Delange,insert,243,Initial creation
242,2025-11-03 14:00:00,Boris Delange,insert,244,Initial creation
243,2025-11-03 14:00:00,Boris Delange,insert,245,Initial creation
244,2025-11-03 14:00:00,Boris Delange,insert,246,Initial creation
245,2025-11-03 14:00:00,Boris Delange,insert,247,Initial creation
246,2025-11-03 14:00:00,Boris Delange,insert,248,Initial creation
247,2025-11-03 14:00:00,Boris Delange,insert,249,Initial creation
248,2025-11-03 14:00:00,Boris Delange,insert,250,Initial creation
249,2025-11-03 14:00:00,Boris Delange,insert,251,Initial creation
250,2025-11-03 14:00:00,Boris Delange,insert,252,Initial creation
251,2025-11-03 14:00:00,Boris Delange,insert,253,Initial creation
252,2025-11-03 14:00:00,Boris Delange,insert,254,Initial creation
253,2025-11-03 14:00:00,Boris Delange,insert,255,Initial creation
254,2025-11-03 14:00:00,Boris Delange,insert,256,Initial creation
255,2025-11-03 14:00:00,Boris Delange,insert,257,Initial creation
256,2025-11-03 14:00:00,Boris Delange,insert,258,Initial creation
257,2025-11-03 14:00:00,Boris Delange,insert,259,Initial creation
258,2025-11-03 14:00:00,Boris Delange,insert,260,Initial creation
259,2025-11-03 14:00:00,Boris Delange,insert,261,Initial creation
260,2025-11-03 14:00:00,Boris Delange,insert,262,Initial creation
261,2025-11-03 14:00:00,Boris Delange,insert,263,Initial creation
262,2025-11-03 14:00:00,Boris Delange,insert,264,Initial creation
263,2025-11-03 14:00:00,Boris Delange,insert,265,Initial creation
264,2025-11-03 14:00:00,Boris Delange,insert,266,Initial creation
265,2025-11-03 14:00:00,Boris Delange,insert,267,Initial creation
266,2025-11-03 14:00:00,Boris Delange,insert,268,Initial creation
267,2025-11-03 14:00:00,Boris Delange,insert,269,Initial creation
268,2025-11-03 14:00:00,Boris Delange,insert,270,Initial creation
269,2025-11-03 14:00:00,Boris Delange,insert,271,Initial creation
270,2025-11-03 14:00:00,Boris Delange,insert,272,Initial creation
271,2025-11-03 14:00:00,Boris Delange,insert,273,Initial creation
272,2025-11-03 14:00:00,Boris Delange,insert,274,Initial creation
273,2025-11-03 14:00:00,Boris Delange,insert,275,Initial creation
274,2025-11-03 14:00:00,Boris Delange,insert,276,Initial creation
275,2025-11-03 14:00:00,Boris Delange,insert,277,Initial creation
276,2025-11-03 14:00:00,Boris Delange,insert,278,Initial creation
277,2025-11-03 14:00:00,Boris Delange,insert,279,Initial creation
278,2025-11-03 14:00:00,Boris Delange,insert,280,Initial creation
279,2025-11-03 14:00:00,Boris Delange,insert,281,Initial creation
280,2025-11-03 14:00:00,Boris Delange,insert,282,Initial creation
281,2025-11-03 14:00:00,Boris Delange,insert,283,Initial creation
282,2025-11-03 14:00:00,Boris Delange,insert,284,Initial creation
283,2025-11-03 14:00:00,Boris Delange,insert,285,Initial creation
284,2025-11-03 14:00:00,Boris Delange,insert,286,Initial creation
285,2025-11-03 14:00:00,Boris Delange,insert,287,Initial creation
286,2025-11-03 14:00:00,Boris Delange,insert,288,Initial creation
287,2025-11-03 14:00:00,Boris Delange,insert,289,Initial creation
288,2025-11-03 14:00:00,Boris Delange,insert,290,Initial creation
289,2025-11-03 14:00:00,Boris Delange,insert,291,Initial creation
290,2025-11-03 14:00:00,Boris Delange,insert,292,Initial creation
291,2025-11-03 14:00:00,Boris Delange,insert,293,Initial creation
292,2025-11-03 14:00:00,Boris Delange,insert,294,Initial creation
293,2025-11-03 14:00:00,Boris Delange,insert,295,Initial creation
294,2025-11-03 14:00:00,Boris Delange,insert,296,Initial creation
295,2025-11-03 14:00:00,Boris Delange,insert,297,Initial creation
296,2025-11-03 14:00:00,Boris Delange,insert,298,Initial creation
297,2025-11-03 14:00:00,Boris Delange,insert,299,Initial creation
298,2025-11-03 14:00:00,Boris Delange,insert,300,Initial creation
299,2025-11-03 14:00:00,Boris Delange,insert,301,Initial creation
300,2025-11-03 14:00:00,Boris Delange,insert,302,Initial creation
301,2025-11-03 14:00:00,Boris Delange,insert,303,Initial creation
302,2025-11-03 14:00:00,Boris Delange,insert,304,Initial creation
303,2025-11-03 14:00:00,Boris Delange,insert,305,Initial creation
304,2025-11-03 14:00:00,Boris Delange,insert,306,Initial creation
305,2025-11-03 14:00:00,Boris Delange,insert,307,Initial creation
306,2025-11-03 14:00:00,Boris Delange,insert,308,Initial creation
307,2025-11-03 14:00:00,Boris Delange,insert,309,Initial creation
308,2025-11-03 14:00:00,Boris Delange,insert,310,Initial creation
309,2025-11-03 14:00:00,Boris Delange,insert,311,Initial creation
310,2025-11-03 14:00:00,Boris Delange,insert,312,Initial creation
311,2025-11-03 14:00:00,Boris Delange,insert,313,Initial creation
312,2025-11-03 14:00:00,Boris Delange,insert,314,Initial creation
313,2025-11-03 14:00:00,Boris Delange,insert,315,Initial creation
314,2025-11-03 14:00:00,Boris Delange,insert,316,Initial creation
315,2025-11-03 14:00:00,Boris Delange,insert,317,Initial creation
316,2025-11-03 14:00:00,Boris Delange,insert,318,Initial creation
317,2025-11-03 14:00:00,Boris Delange,insert,319,Initial creation
318,2025-11-03 14:00:00,Boris Delange,insert,320,Initial creation
319,2025-11-03 14:00:00,Boris Delange,insert,321,Initial creation
320,2025-11-03 14:00:00,Boris Delange,insert,322,Initial creation
321,2025-11-03 14:00:00,Boris Delange,insert,323,Initial creation
322,2025-11-03 14:00:00,Boris Delange,insert,324,Initial creation
323,2025-11-03 14:00:00,Boris Delange,insert,325,Initial creation
324,2025-11-03 14:00:00,Boris Delange,insert,326,Initial creation
325,2025-11-03 14:00:00,Boris Delange,insert,327,Initial creation
326,2025-11-03 14:00:00,Boris Delange,insert,328,Initial creation
327,2025-11-03 14:00:00,Boris Delange,insert,329,Initial creation
328,2025-11-03 14:00:00,Boris Delange,insert,330,Initial creation
329,2025-11-03 14:00:00,Boris Delange,insert,331,Initial creation
330,2025-11-03 14:00:00,Boris Delange,insert,332,Initial creation
331,2025-11-03 14:00:00,Boris Delange,insert,333,Initial creation
